Ticker,URL
MBB,https://finance.vietstock.vn/MBB-ngan-hang-tmcp-quan-doi.htm
VIB,https://finance.vietstock.vn/VIB-ngan-hang-tmcp-quoc-te-viet-nam.htm
SHB,https://finance.vietstock.vn/SHB-ngan-hang-tmcp-sai-gon-ha-noi.htm
VPB,https://finance.vietstock.vn/VPB-ngan-hang-tmcp-viet-nam-thinh-vuong.htm
TPB,https://finance.vietstock.vn/TPB-ngan-hang-tmcp-tien-phong.htm
EIB,https://finance.vietstock.vn/EIB-ngan-hang-tmcp-xuat-nhap-khau-viet-nam.htm
TCB,https://finance.vietstock.vn/TCB-ngan-hang-tmcp-ky-thuong-viet-nam.htm
ACB,https://finance.vietstock.vn/ACB-ngan-hang-tmcp-a-chau.htm
HDB,https://finance.vietstock.vn/HDB-ngan-hang-tmcp-phat-trien-thanh-pho-ho-chi-minh.htm
STB,https://finance.vietstock.vn/STB-ngan-hang-tmcp-sai-gon-thuong-tin.htm
MIG,https://finance.vietstock.vn/MIG-tong-cong-ty-co-phan-bao-hiem-quan-doi.htm
BVH,https://finance.vietstock.vn/BVH-tap-doan-bao-viet.htm
BMI,https://finance.vietstock.vn/BMI-tong-cong-ty-co-phan-bao-minh.htm
PRE,https://finance.vietstock.vn/PRE-tong-cong-ty-co-phan-tai-bao-hiem-ha-noi.htm
PVI,https://finance.vietstock.vn/PVI-ctcp-pvi.htm
BLI,https://finance.vietstock.vn/BLI-tong-cong-ty-co-phan-bao-hiem-bao-long.htm
BIC,https://finance.vietstock.vn/BIC-tong-cong-ty-co-phan-bao-hiem-ngan-hang-dau-tu-va-phat-trien-viet-nam.htm
VNR,https://finance.vietstock.vn/VNR-tong-cong-ty-co-phan-tai-bao-hiem-quoc-gia-viet-nam.htm
ABI,https://finance.vietstock.vn/ABI-ctcp-bao-hiem-ngan-hang-nong-nghiep-viet-nam.htm
PTI,https://finance.vietstock.vn/PTI-tong-cong-ty-co-phan-bao-hiem-buu-dien.htm
